customer_id,customer_name,signup_date,city,age,gender
1,Customer_1,2022-04-13,Pune,31,Male
2,Customer_2,2023-03-12,Pune,23,Male
3,Customer_3,2022-09-28,Bangalore,20,Female
4,Customer_4,2022-04-17,Hyderabad,33,Female
5,Customer_5,2022-03-13,Hyderabad,24,Female
6,Customer_6,2022-01-21,Chennai,31,Female
7,Customer_7,2023-09-07,Pune,26,Female
8,Customer_8,2022-05-02,Chennai,32,Male
9,Customer_9,2023-04-12,Pune,38,Male
10,Customer_10,2022-08-03,Delhi,52,Male
11,Customer_11,2022-11-27,Delhi,19,Female
12,Customer_12,2023-04-04,Mumbai,44,Male
13,Customer_13,2022-03-29,Chennai,19,Male
14,Customer_14,2023-01-08,Bangalore,52,Male
15,Customer_15,2022-04-10,Chennai,35,Male
16,Customer_16,2023-10-26,Bangalore,31,Male
17,Customer_17,2022-05-11,Hyderabad,37,Female
18,Customer_18,2023-10-24,Chennai,35,Male
19,Customer_19,2022-11-05,Hyderabad,27,Female
20,Customer_20,2022-12-10,Delhi,42,Female
21,Customer_21,2023-05-07,Delhi,19,Female
22,Customer_22,2023-02-18,Mumbai,42,Female
23,Customer_23,2023-01-21,Chennai,50,Female
24,Customer_24,2022-07-11,Hyderabad,53,Male
25,Customer_25,2022-10-04,Bangalore,48,Male
26,Customer_26,2022-06-10,Delhi,31,Female
27,Customer_27,2023-04-05,Delhi,18,Female
28,Customer_28,2022-11-10,Bangalore,33,Female
29,Customer_29,2022-01-22,Hyderabad,20,Male
30,Customer_30,2022-09-10,Hyderabad,52,Female
31,Customer_31,2023-07-15,Chennai,58,Male
32,Customer_32,2023-04-20,Chennai,23,Female
33,Customer_33,2022-02-28,Pune,42,Male
34,Customer_34,2023-05-26,Pune,30,Female
35,Customer_35,2023-11-13,Mumbai,51,Male
36,Customer_36,2023-04-21,Delhi,25,Female
37,Customer_37,2023-12-01,Chennai,38,Male
38,Customer_38,2022-07-09,Hyderabad,51,Male
39,Customer_39,2023-11-18,Bangalore,21,Male
40,Customer_40,2023-07-17,Hyderabad,42,Male
41,Customer_41,2023-07-21,Delhi,32,Male
42,Customer_42,2022-09-01,Pune,21,Male
43,Customer_43,2023-05-20,Hyderabad,29,Male
44,Customer_44,2022-05-11,Mumbai,49,Female
45,Customer_45,2023-04-30,Delhi,49,Female
46,Customer_46,2023-10-09,Pune,45,Female
47,Customer_47,2022-01-21,Bangalore,30,Female
48,Customer_48,2022-06-16,Pune,48,Female
49,Customer_49,2022-10-01,Mumbai,31,Male
50,Customer_50,2023-01-23,Delhi,37,Male
51,Customer_51,2023-08-24,Bangalore,35,Male
52,Customer_52,2022-11-12,Mumbai,46,Male
53,Customer_53,2022-01-14,Pune,23,Male
54,Customer_54,2022-08-30,Mumbai,49,Female
55,Customer_55,2022-12-12,Delhi,46,Female
56,Customer_56,2023-07-19,Chennai,19,Female
57,Customer_57,2022-12-06,Mumbai,40,Female
58,Customer_58,2022-04-02,Mumbai,36,Male
59,Customer_59,2023-01-02,Pune,48,Male
60,Customer_60,2023-03-31,Pune,22,Male
61,Customer_61,2023-03-04,Bangalore,36,Female
62,Customer_62,2023-05-24,Pune,51,Male
63,Customer_63,2022-02-04,Hyderabad,27,Female
64,Customer_64,2022-07-25,Delhi,42,Male
65,Customer_65,2022-03-22,Delhi,19,Male
66,Customer_66,2023-07-16,Chennai,28,Female
67,Customer_67,2023-01-23,Chennai,48,Male
68,Customer_68,2022-01-02,Delhi,32,Male
69,Customer_69,2023-01-25,Chennai,26,Female
70,Customer_70,2023-07-20,Bangalore,40,Male
71,Customer_71,2022-04-16,Pune,36,Female
72,Customer_72,2023-04-22,Delhi,26,Male
73,Customer_73,2023-02-06,Chennai,52,Male
74,Customer_74,2023-07-10,Delhi,38,Male
75,Customer_75,2022-06-11,Hyderabad,26,Male
76,Customer_76,2022-07-21,Mumbai,45,Male
77,Customer_77,2022-09-27,Pune,24,Male
78,Customer_78,2022-09-28,Delhi,33,Male
79,Customer_79,2023-04-01,Mumbai,33,Male
80,Customer_80,2023-04-07,Chennai,50,Female
81,Customer_81,2022-09-09,Mumbai,21,Female
82,Customer_82,2022-10-23,Pune,21,Male
83,Customer_83,2022-12-04,Delhi,56,Male
84,Customer_84,2022-02-22,Hyderabad,57,Female
85,Customer_85,2022-08-05,Chennai,34,Male
86,Customer_86,2022-07-07,Delhi,54,Male
87,Customer_87,2023-01-15,Pune,56,Female
88,Customer_88,2023-05-08,Chennai,46,Male
89,Customer_89,2022-02-10,Bangalore,53,Male
90,Customer_90,2022-06-06,Mumbai,55,Female
91,Customer_91,2022-01-15,Pune,56,Male
92,Customer_92,2022-03-06,Bangalore,54,Male
93,Customer_93,2023-06-05,Delhi,52,Female
94,Customer_94,2022-12-10,Hyderabad,24,Male
95,Customer_95,2022-05-09,Chennai,44,Female
96,Customer_96,2023-10-10,Mumbai,45,Male
97,Customer_97,2023-04-17,Chennai,39,Male
98,Customer_98,2022-03-04,Delhi,31,Female
99,Customer_99,2022-05-19,Chennai,24,Female
100,Customer_100,2023-05-14,Mumbai,54,Male
101,Customer_101,2023-08-16,Delhi,39,Female
102,Customer_102,2023-01-27,Chennai,22,Female
103,Customer_103,2023-11-06,Hyderabad,19,Male
104,Customer_104,2023-02-23,Pune,44,Male
105,Customer_105,2022-10-16,Delhi,38,Male
106,Customer_106,2023-01-14,Pune,55,Female
107,Customer_107,2023-05-05,Delhi,32,Female
108,Customer_108,2022-08-19,Hyderabad,38,Female
109,Customer_109,2022-02-10,Pune,27,Female
110,Customer_110,2022-01-28,Bangalore,40,Male
111,Customer_111,2022-05-15,Mumbai,56,Female
112,Customer_112,2022-07-20,Bangalore,22,Male
113,Customer_113,2022-02-02,Chennai,18,Female
114,Customer_114,2022-02-17,Hyderabad,30,Male
115,Customer_115,2023-05-18,Bangalore,38,Male
116,Customer_116,2023-02-11,Delhi,43,Male
117,Customer_117,2023-07-28,Chennai,38,Female
118,Customer_118,2022-04-09,Chennai,35,Male
119,Customer_119,2023-11-15,Bangalore,54,Male
120,Customer_120,2023-07-01,Bangalore,49,Female
121,Customer_121,2023-09-05,Hyderabad,53,Male
122,Customer_122,2023-04-07,Mumbai,34,Female
123,Customer_123,2023-10-05,Bangalore,52,Female
124,Customer_124,2022-01-05,Bangalore,28,Male
125,Customer_125,2022-08-06,Pune,38,Male
126,Customer_126,2023-05-18,Delhi,43,Female
127,Customer_127,2023-02-02,Pune,21,Male
128,Customer_128,2023-01-28,Pune,51,Female
129,Customer_129,2022-07-26,Chennai,35,Female
130,Customer_130,2022-01-15,Mumbai,57,Female
131,Customer_131,2023-07-08,Delhi,52,Male
132,Customer_132,2023-04-06,Hyderabad,58,Female
133,Customer_133,2023-11-22,Hyderabad,46,Male
134,Customer_134,2023-07-29,Bangalore,46,Male
135,Customer_135,2022-08-29,Bangalore,55,Male
136,Customer_136,2023-07-18,Hyderabad,59,Male
137,Customer_137,2022-04-06,Bangalore,38,Female
138,Customer_138,2023-04-30,Mumbai,59,Male
139,Customer_139,2023-02-11,Pune,30,Female
140,Customer_140,2022-08-19,Bangalore,58,Female
141,Customer_141,2023-10-17,Chennai,34,Male
142,Customer_142,2022-06-20,Bangalore,26,Female
143,Customer_143,2023-06-25,Delhi,58,Female
144,Customer_144,2022-02-05,Mumbai,18,Male
145,Customer_145,2023-06-09,Delhi,19,Female
146,Customer_146,2022-06-09,Delhi,46,Female
147,Customer_147,2023-11-30,Chennai,50,Female
148,Customer_148,2022-08-31,Mumbai,27,Female
149,Customer_149,2022-03-27,Mumbai,57,Male
150,Customer_150,2023-08-01,Mumbai,38,Female
151,Customer_151,2023-11-13,Mumbai,45,Female
152,Customer_152,2023-07-11,Mumbai,28,Female
153,Customer_153,2023-07-28,Chennai,51,Female
154,Customer_154,2023-10-08,Bangalore,25,Male
155,Customer_155,2022-01-28,Delhi,39,Female
156,Customer_156,2023-09-12,Mumbai,25,Male
157,Customer_157,2023-07-10,Bangalore,32,Female
158,Customer_158,2022-12-06,Bangalore,34,Male
159,Customer_159,2022-11-27,Delhi,40,Male
160,Customer_160,2023-10-02,Chennai,41,Male
161,Customer_161,2023-05-21,Hyderabad,36,Male
162,Customer_162,2022-12-14,Hyderabad,22,Male
163,Customer_163,2023-04-18,Bangalore,49,Female
164,Customer_164,2022-08-19,Pune,18,Female
165,Customer_165,2022-07-09,Pune,40,Female
166,Customer_166,2022-08-13,Delhi,54,Male
167,Customer_167,2023-01-20,Hyderabad,25,Female
168,Customer_168,2023-01-12,Bangalore,30,Male
169,Customer_169,2022-10-10,Chennai,25,Male
170,Customer_170,2023-09-25,Hyderabad,40,Female
171,Customer_171,2023-09-20,Bangalore,18,Female
172,Customer_172,2022-09-16,Bangalore,41,Male
173,Customer_173,2022-12-25,Mumbai,52,Male
174,Customer_174,2023-04-01,Chennai,41,Female
175,Customer_175,2023-02-15,Mumbai,34,Female
176,Customer_176,2023-10-11,Delhi,22,Female
177,Customer_177,2022-11-14,Mumbai,37,Female
178,Customer_178,2023-11-08,Mumbai,38,Male
179,Customer_179,2022-08-13,Hyderabad,57,Female
180,Customer_180,2022-08-22,Pune,48,Female
181,Customer_181,2023-11-15,Bangalore,53,Female
182,Customer_182,2023-10-26,Chennai,28,Male
183,Customer_183,2023-01-09,Mumbai,32,Male
184,Customer_184,2023-11-03,Chennai,36,Male
185,Customer_185,2023-08-31,Pune,24,Male
186,Customer_186,2023-04-17,Pune,45,Female
187,Customer_187,2022-08-21,Mumbai,22,Male
188,Customer_188,2023-11-23,Delhi,22,Female
189,Customer_189,2022-04-23,Mumbai,47,Female
190,Customer_190,2023-05-12,Hyderabad,49,Female
191,Customer_191,2023-03-18,Bangalore,25,Female
192,Customer_192,2023-07-18,Delhi,27,Male
193,Customer_193,2022-09-25,Mumbai,55,Male
194,Customer_194,2023-05-25,Chennai,49,Male
195,Customer_195,2023-01-21,Delhi,45,Female
196,Customer_196,2023-01-22,Delhi,34,Female
197,Customer_197,2022-04-23,Mumbai,48,Female
198,Customer_198,2023-09-05,Delhi,25,Female
199,Customer_199,2023-09-17,Chennai,57,Female
200,Customer_200,2022-03-22,Pune,42,Male
201,Customer_201,2023-11-30,Delhi,26,Female
202,Customer_202,2022-04-23,Pune,19,Male
203,Customer_203,2022-01-02,Chennai,32,Female
204,Customer_204,2023-10-04,Mumbai,20,Female
205,Customer_205,2022-08-08,Bangalore,53,Male
206,Customer_206,2023-07-20,Delhi,21,Male
207,Customer_207,2022-08-13,Bangalore,31,Female
208,Customer_208,2023-01-20,Chennai,58,Female
209,Customer_209,2023-02-07,Delhi,58,Female
210,Customer_210,2023-09-30,Pune,42,Female
211,Customer_211,2022-05-10,Hyderabad,27,Male
212,Customer_212,2022-02-22,Bangalore,38,Female
213,Customer_213,2023-11-15,Delhi,53,Male
214,Customer_214,2023-11-03,Bangalore,29,Female
215,Customer_215,2023-02-20,Delhi,44,Male
216,Customer_216,2022-09-04,Mumbai,57,Male
217,Customer_217,2023-03-15,Pune,19,Female
218,Customer_218,2022-07-22,Bangalore,30,Male
219,Customer_219,2022-07-03,Hyderabad,49,Female
220,Customer_220,2022-05-03,Hyderabad,48,Male
221,Customer_221,2023-02-05,Chennai,33,Female
222,Customer_222,2022-10-21,Delhi,49,Male
223,Customer_223,2022-10-07,Bangalore,49,Female
224,Customer_224,2023-09-02,Chennai,51,Female
225,Customer_225,2022-07-17,Bangalore,28,Male
226,Customer_226,2023-05-26,Delhi,27,Male
227,Customer_227,2022-05-24,Hyderabad,32,Male
228,Customer_228,2023-09-01,Mumbai,34,Male
229,Customer_229,2022-07-20,Hyderabad,57,Female
230,Customer_230,2022-05-04,Chennai,35,Male
231,Customer_231,2022-07-06,Pune,26,Female
232,Customer_232,2022-11-22,Mumbai,42,Male
233,Customer_233,2023-04-09,Chennai,57,Female
234,Customer_234,2022-12-15,Delhi,31,Female
235,Customer_235,2023-10-22,Mumbai,42,Female
236,Customer_236,2023-02-07,Chennai,39,Female
237,Customer_237,2022-12-12,Delhi,47,Male
238,Customer_238,2023-05-26,Hyderabad,37,Male
239,Customer_239,2022-05-27,Pune,38,Female
240,Customer_240,2022-05-28,Delhi,49,Male
241,Customer_241,2023-05-04,Bangalore,38,Male
242,Customer_242,2023-10-02,Delhi,52,Female
243,Customer_243,2023-07-05,Delhi,49,Male
244,Customer_244,2022-12-04,Pune,47,Male
245,Customer_245,2023-10-03,Bangalore,56,Male
246,Customer_246,2023-04-18,Chennai,29,Female
247,Customer_247,2022-05-31,Chennai,58,Male
248,Customer_248,2023-02-19,Delhi,35,Female
249,Customer_249,2022-10-25,Bangalore,38,Male
250,Customer_250,2023-09-03,Bangalore,30,Male
251,Customer_251,2022-09-20,Pune,38,Male
252,Customer_252,2022-05-24,Hyderabad,25,Female
253,Customer_253,2022-12-12,Chennai,57,Female
254,Customer_254,2023-09-16,Pune,24,Male
255,Customer_255,2023-07-26,Mumbai,40,Female
256,Customer_256,2022-01-02,Chennai,49,Male
257,Customer_257,2022-10-31,Pune,28,Female
258,Customer_258,2022-09-11,Chennai,39,Female
259,Customer_259,2023-10-14,Hyderabad,39,Male
260,Customer_260,2023-03-29,Mumbai,42,Male
261,Customer_261,2022-02-06,Hyderabad,39,Male
262,Customer_262,2022-06-09,Mumbai,45,Male
263,Customer_263,2022-01-09,Delhi,46,Female
264,Customer_264,2022-08-21,Pune,30,Female
265,Customer_265,2022-04-09,Mumbai,35,Female
266,Customer_266,2023-10-21,Hyderabad,19,Male
267,Customer_267,2022-07-27,Chennai,46,Male
268,Customer_268,2022-05-11,Mumbai,38,Female
269,Customer_269,2023-02-08,Pune,32,Male
270,Customer_270,2022-06-01,Mumbai,44,Female
271,Customer_271,2022-02-23,Bangalore,48,Female
272,Customer_272,2022-04-30,Chennai,32,Female
273,Customer_273,2023-11-04,Pune,40,Female
274,Customer_274,2023-09-20,Pune,41,Female
275,Customer_275,2023-08-10,Delhi,30,Male
276,Customer_276,2023-09-17,Hyderabad,39,Male
277,Customer_277,2023-02-24,Delhi,54,Male
278,Customer_278,2023-02-26,Pune,50,Female
279,Customer_279,2022-04-14,Chennai,20,Female
280,Customer_280,2022-09-11,Mumbai,36,Female
281,Customer_281,2022-08-15,Mumbai,40,Female
282,Customer_282,2022-04-22,Chennai,46,Male
283,Customer_283,2023-05-25,Pune,47,Male
284,Customer_284,2023-04-18,Mumbai,56,Female
285,Customer_285,2022-04-09,Mumbai,42,Female
286,Customer_286,2022-06-02,Mumbai,54,Female
287,Customer_287,2022-12-04,Hyderabad,25,Male
288,Customer_288,2022-06-12,Hyderabad,59,Male
289,Customer_289,2023-11-12,Bangalore,33,Male
290,Customer_290,2022-06-10,Delhi,25,Female
291,Customer_291,2023-08-03,Chennai,18,Female
292,Customer_292,2023-02-02,Chennai,22,Male
293,Customer_293,2022-10-04,Chennai,20,Female
294,Customer_294,2023-05-19,Bangalore,18,Male
295,Customer_295,2023-01-27,Hyderabad,21,Female
296,Customer_296,2022-05-15,Pune,57,Male
297,Customer_297,2022-07-14,Pune,52,Female
298,Customer_298,2023-02-05,Bangalore,49,Male
299,Customer_299,2023-10-02,Pune,59,Male
300,Customer_300,2022-02-02,Chennai,51,Male
301,Customer_301,2023-11-19,Delhi,42,Male
302,Customer_302,2023-04-05,Mumbai,27,Male
303,Customer_303,2023-04-15,Hyderabad,38,Male
304,Customer_304,2023-01-10,Hyderabad,56,Female
305,Customer_305,2022-01-22,Bangalore,44,Female
306,Customer_306,2023-11-01,Hyderabad,44,Female
307,Customer_307,2022-02-07,Chennai,19,Male
308,Customer_308,2022-08-18,Pune,58,Male
309,Customer_309,2022-12-31,Chennai,30,Female
310,Customer_310,2023-07-17,Bangalore,26,Male
311,Customer_311,2023-03-14,Chennai,53,Male
312,Customer_312,2022-10-10,Pune,39,Male
313,Customer_313,2022-01-27,Delhi,59,Male
314,Customer_314,2022-08-14,Bangalore,43,Male
315,Customer_315,2022-10-04,Delhi,29,Female
316,Customer_316,2023-09-01,Mumbai,34,Female
317,Customer_317,2022-10-11,Delhi,31,Female
318,Customer_318,2023-04-26,Mumbai,31,Female
319,Customer_319,2023-03-29,Mumbai,51,Female
320,Customer_320,2023-10-21,Delhi,37,Male
321,Customer_321,2023-05-31,Bangalore,28,Male
322,Customer_322,2023-07-01,Pune,33,Male
323,Customer_323,2022-07-11,Chennai,48,Male
324,Customer_324,2022-02-18,Chennai,23,Female
325,Customer_325,2023-05-27,Pune,36,Female
326,Customer_326,2022-01-17,Mumbai,54,Female
327,Customer_327,2022-06-21,Mumbai,21,Male
328,Customer_328,2022-08-08,Bangalore,21,Female
329,Customer_329,2022-06-07,Hyderabad,37,Male
330,Customer_330,2023-04-22,Delhi,27,Female
331,Customer_331,2022-02-15,Mumbai,41,Female
332,Customer_332,2023-01-08,Chennai,52,Male
333,Customer_333,2023-06-02,Bangalore,43,Male
334,Customer_334,2022-04-09,Delhi,54,Female
335,Customer_335,2022-02-06,Bangalore,55,Female
336,Customer_336,2022-10-07,Delhi,38,Male
337,Customer_337,2022-12-15,Delhi,57,Female
338,Customer_338,2023-05-12,Pune,56,Female
339,Customer_339,2022-10-29,Mumbai,38,Male
340,Customer_340,2022-06-30,Bangalore,27,Female
341,Customer_341,2023-08-30,Bangalore,55,Male
342,Customer_342,2022-04-09,Pune,21,Female
343,Customer_343,2023-12-01,Chennai,37,Male
344,Customer_344,2022-04-26,Chennai,34,Female
345,Customer_345,2022-07-10,Mumbai,24,Male
346,Customer_346,2022-09-10,Mumbai,21,Female
347,Customer_347,2022-06-10,Hyderabad,46,Male
348,Customer_348,2022-09-13,Pune,31,Female
349,Customer_349,2022-11-19,Chennai,20,Female
350,Customer_350,2022-05-08,Delhi,41,Female
351,Customer_351,2022-01-18,Bangalore,54,Female
352,Customer_352,2023-07-20,Mumbai,33,Female
353,Customer_353,2023-07-24,Bangalore,21,Female
354,Customer_354,2022-11-19,Bangalore,41,Female
355,Customer_355,2023-11-17,Hyderabad,51,Female
356,Customer_356,2023-09-18,Chennai,47,Female
357,Customer_357,2022-10-15,Mumbai,35,Male
358,Customer_358,2023-10-25,Bangalore,36,Male
359,Customer_359,2023-10-01,Mumbai,48,Female
360,Customer_360,2022-06-04,Delhi,36,Male
361,Customer_361,2023-05-05,Hyderabad,36,Female
362,Customer_362,2023-01-21,Delhi,39,Female
363,Customer_363,2022-04-14,Mumbai,41,Male
364,Customer_364,2023-01-28,Mumbai,29,Female
365,Customer_365,2022-09-03,Chennai,47,Female
366,Customer_366,2022-06-25,Bangalore,55,Male
367,Customer_367,2022-02-08,Bangalore,48,Male
368,Customer_368,2023-04-22,Delhi,53,Female
369,Customer_369,2023-11-13,Hyderabad,36,Male
370,Customer_370,2023-06-22,Pune,53,Male
371,Customer_371,2023-02-12,Bangalore,47,Female
372,Customer_372,2023-06-09,Chennai,50,Male
373,Customer_373,2023-05-21,Delhi,35,Male
374,Customer_374,2022-02-05,Delhi,45,Female
375,Customer_375,2023-11-16,Pune,28,Male
376,Customer_376,2022-01-20,Chennai,50,Male
377,Customer_377,2022-11-17,Hyderabad,34,Female
378,Customer_378,2023-05-27,Chennai,23,Female
379,Customer_379,2023-02-04,Hyderabad,21,Female
380,Customer_380,2023-10-16,Chennai,37,Male
381,Customer_381,2023-04-16,Chennai,44,Female
382,Customer_382,2022-05-23,Mumbai,32,Female
383,Customer_383,2022-04-02,Delhi,23,Male
384,Customer_384,2022-12-20,Chennai,31,Female
385,Customer_385,2022-02-20,Pune,28,Female
386,Customer_386,2023-10-27,Chennai,56,Female
387,Customer_387,2023-11-29,Bangalore,26,Female
388,Customer_388,2023-07-29,Delhi,43,Male
389,Customer_389,2022-07-09,Bangalore,33,Female
390,Customer_390,2022-05-05,Delhi,22,Female
391,Customer_391,2022-05-30,Bangalore,27,Male
392,Customer_392,2022-11-10,Chennai,20,Female
393,Customer_393,2023-07-24,Chennai,30,Male
394,Customer_394,2022-12-08,Mumbai,47,Male
395,Customer_395,2022-11-01,Pune,23,Male
396,Customer_396,2023-11-23,Bangalore,34,Female
397,Customer_397,2023-11-13,Hyderabad,36,Male
398,Customer_398,2022-02-23,Mumbai,59,Male
399,Customer_399,2023-03-20,Bangalore,52,Male
400,Customer_400,2023-09-05,Bangalore,43,Female
401,Customer_401,2022-09-21,Mumbai,22,Female
402,Customer_402,2022-02-22,Chennai,46,Female
403,Customer_403,2023-07-26,Bangalore,54,Female
404,Customer_404,2023-09-12,Chennai,37,Female
405,Customer_405,2022-01-05,Mumbai,38,Female
406,Customer_406,2022-04-13,Chennai,27,Female
407,Customer_407,2022-07-15,Delhi,22,Male
408,Customer_408,2022-12-16,Hyderabad,53,Male
409,Customer_409,2022-02-16,Bangalore,23,Male
410,Customer_410,2023-10-18,Pune,43,Male
411,Customer_411,2022-09-26,Hyderabad,21,Female
412,Customer_412,2023-01-05,Chennai,56,Male
413,Customer_413,2023-09-28,Bangalore,56,Male
414,Customer_414,2022-04-16,Chennai,52,Male
415,Customer_415,2023-11-01,Delhi,18,Male
416,Customer_416,2023-10-21,Mumbai,41,Female
417,Customer_417,2023-10-19,Bangalore,53,Female
418,Customer_418,2022-04-30,Delhi,23,Female
419,Customer_419,2023-08-27,Delhi,58,Male
420,Customer_420,2022-02-27,Bangalore,48,Female
421,Customer_421,2022-12-12,Chennai,37,Male
422,Customer_422,2023-04-19,Pune,41,Female
423,Customer_423,2022-04-27,Delhi,42,Female
424,Customer_424,2022-05-07,Hyderabad,53,Female
425,Customer_425,2023-01-28,Delhi,38,Female
426,Customer_426,2023-10-03,Pune,47,Female
427,Customer_427,2022-02-27,Chennai,41,Male
428,Customer_428,2023-09-26,Chennai,59,Female
429,Customer_429,2023-05-28,Hyderabad,47,Male
430,Customer_430,2022-04-06,Delhi,39,Male
431,Customer_431,2023-09-30,Chennai,45,Male
432,Customer_432,2022-04-28,Pune,24,Male
433,Customer_433,2023-07-14,Bangalore,52,Male
434,Customer_434,2023-08-24,Mumbai,45,Female
435,Customer_435,2023-05-03,Mumbai,31,Female
436,Customer_436,2022-08-25,Mumbai,27,Female
437,Customer_437,2022-09-29,Delhi,33,Female
438,Customer_438,2022-07-08,Hyderabad,33,Male
439,Customer_439,2023-03-23,Chennai,48,Female
440,Customer_440,2023-08-04,Bangalore,59,Female
441,Customer_441,2022-09-04,Pune,42,Male
442,Customer_442,2022-03-17,Bangalore,30,Male
443,Customer_443,2022-06-03,Pune,23,Female
444,Customer_444,2023-10-18,Delhi,26,Female
445,Customer_445,2023-03-11,Mumbai,53,Male
446,Customer_446,2022-03-27,Delhi,37,Female
447,Customer_447,2023-11-28,Hyderabad,35,Female
448,Customer_448,2022-10-12,Hyderabad,38,Female
449,Customer_449,2022-08-08,Pune,21,Female
450,Customer_450,2022-03-10,Chennai,50,Male
451,Customer_451,2022-02-16,Chennai,44,Male
452,Customer_452,2022-04-04,Pune,24,Male
453,Customer_453,2023-03-29,Hyderabad,23,Female
454,Customer_454,2022-07-23,Hyderabad,32,Female
455,Customer_455,2022-08-06,Hyderabad,35,Female
456,Customer_456,2023-04-19,Delhi,49,Female
457,Customer_457,2023-03-08,Hyderabad,28,Female
458,Customer_458,2022-12-07,Bangalore,37,Male
459,Customer_459,2023-07-05,Mumbai,41,Female
460,Customer_460,2023-09-04,Hyderabad,32,Female
461,Customer_461,2022-10-16,Pune,24,Male
462,Customer_462,2022-09-11,Mumbai,38,Female
463,Customer_463,2022-12-23,Delhi,59,Male
464,Customer_464,2022-01-23,Pune,43,Male
465,Customer_465,2023-06-06,Mumbai,31,Male
466,Customer_466,2022-04-10,Pune,54,Male
467,Customer_467,2022-06-29,Delhi,38,Male
468,Customer_468,2022-08-11,Bangalore,35,Female
469,Customer_469,2023-10-21,Delhi,22,Male
470,Customer_470,2023-03-18,Delhi,20,Male
471,Customer_471,2023-08-31,Pune,40,Female
472,Customer_472,2022-11-21,Chennai,43,Female
473,Customer_473,2023-05-31,Hyderabad,54,Male
474,Customer_474,2022-01-16,Hyderabad,41,Female
475,Customer_475,2022-12-02,Bangalore,36,Female
476,Customer_476,2022-09-15,Bangalore,42,Male
477,Customer_477,2023-05-12,Hyderabad,38,Male
478,Customer_478,2022-06-09,Chennai,29,Female
479,Customer_479,2023-04-20,Hyderabad,58,Male
480,Customer_480,2023-10-26,Chennai,50,Male
481,Customer_481,2023-11-21,Bangalore,21,Female
482,Customer_482,2023-11-06,Mumbai,59,Male
483,Customer_483,2023-01-15,Pune,24,Male
484,Customer_484,2023-06-29,Bangalore,39,Male
485,Customer_485,2023-11-22,Bangalore,50,Male
486,Customer_486,2023-03-03,Delhi,34,Male
487,Customer_487,2023-09-05,Delhi,41,Female
488,Customer_488,2022-09-25,Delhi,51,Female
489,Customer_489,2023-07-31,Pune,45,Male
490,Customer_490,2023-02-21,Delhi,58,Female
491,Customer_491,2022-06-17,Chennai,56,Male
492,Customer_492,2022-02-12,Hyderabad,39,Male
493,Customer_493,2023-07-10,Mumbai,34,Male
494,Customer_494,2022-10-12,Bangalore,51,Male
495,Customer_495,2023-02-01,Chennai,23,Male
496,Customer_496,2022-01-12,Mumbai,23,Female
497,Customer_497,2023-08-30,Chennai,51,Female
498,Customer_498,2022-10-29,Chennai,18,Male
499,Customer_499,2022-09-10,Bangalore,27,Female
500,Customer_500,2023-05-14,Hyderabad,38,Male
501,Customer_501,2022-02-04,Delhi,22,Female
502,Customer_502,2022-03-31,Pune,19,Male
503,Customer_503,2023-08-28,Hyderabad,39,Female
504,Customer_504,2023-08-25,Pune,19,Male
505,Customer_505,2023-02-22,Bangalore,27,Male
506,Customer_506,2022-04-25,Bangalore,51,Female
507,Customer_507,2023-09-09,Bangalore,33,Female
508,Customer_508,2022-07-15,Mumbai,56,Male
509,Customer_509,2023-05-16,Pune,39,Female
510,Customer_510,2023-09-18,Hyderabad,29,Male
511,Customer_511,2023-05-08,Hyderabad,41,Female
512,Customer_512,2022-03-16,Chennai,57,Female
513,Customer_513,2023-02-17,Chennai,55,Male
514,Customer_514,2023-01-11,Chennai,27,Female
515,Customer_515,2023-02-24,Bangalore,52,Female
516,Customer_516,2022-10-04,Hyderabad,49,Male
517,Customer_517,2023-11-07,Pune,24,Female
518,Customer_518,2023-01-29,Bangalore,38,Male
519,Customer_519,2023-04-02,Mumbai,37,Male
520,Customer_520,2022-07-11,Chennai,43,Male
521,Customer_521,2023-11-20,Bangalore,21,Male
522,Customer_522,2022-04-09,Bangalore,39,Male
523,Customer_523,2023-07-02,Mumbai,32,Female
524,Customer_524,2022-04-06,Delhi,57,Male
525,Customer_525,2023-10-26,Hyderabad,38,Male
526,Customer_526,2023-10-25,Pune,32,Female
527,Customer_527,2022-07-09,Delhi,39,Female
528,Customer_528,2022-02-06,Chennai,45,Female
529,Customer_529,2023-01-04,Bangalore,31,Male
530,Customer_530,2023-11-26,Mumbai,44,Male
531,Customer_531,2023-06-09,Mumbai,58,Male
532,Customer_532,2022-10-06,Hyderabad,57,Female
533,Customer_533,2022-08-05,Delhi,45,Male
534,Customer_534,2022-09-30,Hyderabad,43,Female
535,Customer_535,2022-03-03,Bangalore,19,Male
536,Customer_536,2023-08-19,Hyderabad,42,Female
537,Customer_537,2022-12-08,Pune,20,Male
538,Customer_538,2023-02-01,Mumbai,25,Male
539,Customer_539,2023-11-30,Mumbai,50,Male
540,Customer_540,2022-01-19,Chennai,59,Female
541,Customer_541,2022-06-26,Chennai,52,Female
542,Customer_542,2023-09-04,Bangalore,23,Male
543,Customer_543,2023-01-31,Pune,56,Male
544,Customer_544,2023-03-21,Delhi,40,Male
545,Customer_545,2022-08-21,Hyderabad,42,Female
546,Customer_546,2022-03-17,Bangalore,36,Male
547,Customer_547,2022-09-22,Chennai,22,Male
548,Customer_548,2023-03-31,Hyderabad,28,Male
549,Customer_549,2023-01-19,Chennai,29,Male
550,Customer_550,2023-07-18,Hyderabad,27,Female
551,Customer_551,2023-05-21,Delhi,25,Female
552,Customer_552,2023-01-02,Bangalore,41,Male
553,Customer_553,2022-05-24,Hyderabad,45,Male
554,Customer_554,2022-03-10,Pune,58,Female
555,Customer_555,2022-04-09,Mumbai,53,Female
556,Customer_556,2023-01-31,Pune,54,Male
557,Customer_557,2022-01-25,Pune,38,Female
558,Customer_558,2023-04-14,Mumbai,25,Female
559,Customer_559,2023-04-29,Pune,26,Male
560,Customer_560,2023-07-19,Hyderabad,32,Female
561,Customer_561,2022-05-31,Hyderabad,57,Female
562,Customer_562,2022-05-24,Hyderabad,35,Male
563,Customer_563,2023-07-23,Mumbai,59,Male
564,Customer_564,2022-02-08,Pune,37,Female
565,Customer_565,2022-04-19,Mumbai,23,Male
566,Customer_566,2023-11-24,Hyderabad,29,Female
567,Customer_567,2022-02-11,Pune,19,Male
568,Customer_568,2022-07-05,Pune,24,Female
569,Customer_569,2023-02-02,Chennai,33,Male
570,Customer_570,2022-08-11,Chennai,20,Female
571,Customer_571,2023-09-26,Delhi,20,Female
572,Customer_572,2022-05-13,Bangalore,44,Female
573,Customer_573,2022-06-12,Chennai,57,Male
574,Customer_574,2022-08-03,Mumbai,55,Male
575,Customer_575,2022-08-23,Chennai,50,Female
576,Customer_576,2023-10-20,Delhi,45,Female
577,Customer_577,2023-08-11,Pune,18,Male
578,Customer_578,2022-01-09,Delhi,25,Male
579,Customer_579,2022-03-15,Pune,54,Male
580,Customer_580,2023-05-07,Pune,49,Male
581,Customer_581,2022-09-10,Bangalore,54,Male
582,Customer_582,2022-08-18,Chennai,21,Male
583,Customer_583,2023-06-03,Mumbai,47,Female
584,Customer_584,2022-06-23,Mumbai,23,Male
585,Customer_585,2023-10-15,Hyderabad,36,Female
586,Customer_586,2022-06-17,Pune,49,Male
587,Customer_587,2022-06-19,Mumbai,26,Male
588,Customer_588,2023-01-28,Bangalore,29,Female
589,Customer_589,2023-09-26,Pune,28,Female
590,Customer_590,2022-07-13,Bangalore,33,Male
591,Customer_591,2023-06-01,Mumbai,18,Female
592,Customer_592,2022-01-29,Mumbai,38,Female
593,Customer_593,2022-06-14,Hyderabad,47,Female
594,Customer_594,2023-02-26,Mumbai,30,Female
595,Customer_595,2022-12-05,Pune,51,Male
596,Customer_596,2023-10-10,Pune,21,Female
597,Customer_597,2023-05-11,Pune,45,Male
598,Customer_598,2022-12-31,Hyderabad,55,Male
599,Customer_599,2022-12-08,Hyderabad,48,Male
600,Customer_600,2023-05-15,Mumbai,44,Male
601,Customer_601,2023-10-19,Delhi,22,Female
602,Customer_602,2023-05-26,Delhi,42,Female
603,Customer_603,2022-11-23,Hyderabad,20,Male
604,Customer_604,2022-08-05,Mumbai,50,Male
605,Customer_605,2022-10-28,Delhi,21,Male
606,Customer_606,2022-05-12,Mumbai,42,Male
607,Customer_607,2022-03-11,Mumbai,37,Female
608,Customer_608,2022-09-09,Mumbai,51,Male
609,Customer_609,2023-02-19,Chennai,43,Female
610,Customer_610,2023-03-21,Pune,22,Male
611,Customer_611,2022-07-01,Mumbai,52,Male
612,Customer_612,2022-06-16,Chennai,45,Male
613,Customer_613,2022-04-01,Hyderabad,46,Male
614,Customer_614,2023-06-15,Delhi,26,Female
615,Customer_615,2022-02-08,Pune,55,Female
616,Customer_616,2022-05-06,Delhi,23,Female
617,Customer_617,2023-03-27,Pune,36,Male
618,Customer_618,2022-06-22,Delhi,28,Male
619,Customer_619,2023-10-15,Pune,19,Female
620,Customer_620,2022-08-08,Delhi,26,Female
621,Customer_621,2023-09-30,Delhi,38,Male
622,Customer_622,2022-02-27,Delhi,41,Male
623,Customer_623,2023-10-22,Delhi,51,Female
624,Customer_624,2023-04-21,Hyderabad,39,Male
625,Customer_625,2023-04-01,Mumbai,20,Male
626,Customer_626,2022-12-27,Bangalore,29,Female
627,Customer_627,2022-01-01,Chennai,45,Male
628,Customer_628,2023-01-22,Bangalore,47,Female
629,Customer_629,2022-12-14,Bangalore,43,Male
630,Customer_630,2022-07-09,Pune,38,Female
631,Customer_631,2023-05-20,Mumbai,45,Male
632,Customer_632,2022-07-10,Pune,43,Female
633,Customer_633,2023-05-23,Mumbai,50,Female
634,Customer_634,2023-01-04,Mumbai,38,Female
635,Customer_635,2023-02-13,Delhi,52,Female
636,Customer_636,2022-04-27,Hyderabad,51,Male
637,Customer_637,2022-05-14,Delhi,58,Male
638,Customer_638,2022-02-27,Hyderabad,35,Female
639,Customer_639,2023-07-10,Pune,28,Male
640,Customer_640,2023-11-16,Hyderabad,40,Male
641,Customer_641,2023-11-03,Pune,39,Male
642,Customer_642,2022-06-22,Bangalore,34,Male
643,Customer_643,2022-05-29,Bangalore,22,Male
644,Customer_644,2022-03-21,Hyderabad,28,Female
645,Customer_645,2022-08-01,Hyderabad,47,Female
646,Customer_646,2022-07-22,Pune,32,Female
647,Customer_647,2022-08-17,Delhi,44,Female
648,Customer_648,2023-11-07,Pune,52,Male
649,Customer_649,2022-08-15,Delhi,50,Male
650,Customer_650,2023-10-21,Bangalore,37,Female
651,Customer_651,2023-06-16,Mumbai,33,Male
652,Customer_652,2023-03-17,Hyderabad,51,Male
653,Customer_653,2023-02-06,Delhi,19,Female
654,Customer_654,2022-02-16,Pune,52,Male
655,Customer_655,2022-08-21,Bangalore,57,Female
656,Customer_656,2022-11-01,Delhi,45,Female
657,Customer_657,2023-06-10,Pune,56,Male
658,Customer_658,2022-05-23,Hyderabad,23,Male
659,Customer_659,2023-02-19,Hyderabad,26,Female
660,Customer_660,2023-05-28,Chennai,37,Female
661,Customer_661,2023-01-08,Mumbai,18,Male
662,Customer_662,2023-07-20,Chennai,25,Female
663,Customer_663,2022-09-16,Bangalore,40,Female
664,Customer_664,2023-10-18,Delhi,20,Female
665,Customer_665,2023-04-16,Bangalore,21,Male
666,Customer_666,2022-01-12,Pune,42,Female
667,Customer_667,2022-11-26,Hyderabad,55,Male
668,Customer_668,2022-12-24,Chennai,32,Female
669,Customer_669,2023-02-12,Chennai,38,Male
670,Customer_670,2023-10-30,Chennai,52,Female
671,Customer_671,2023-01-08,Bangalore,31,Male
672,Customer_672,2022-01-08,Hyderabad,53,Male
673,Customer_673,2022-05-02,Delhi,29,Male
674,Customer_674,2022-12-14,Pune,34,Female
675,Customer_675,2023-11-07,Delhi,56,Female
676,Customer_676,2022-03-31,Bangalore,26,Female
677,Customer_677,2023-10-10,Pune,52,Male
678,Customer_678,2023-11-29,Chennai,30,Female
679,Customer_679,2022-11-12,Mumbai,32,Male
680,Customer_680,2022-06-27,Bangalore,35,Female
681,Customer_681,2023-06-24,Bangalore,50,Male
682,Customer_682,2022-02-10,Hyderabad,23,Male
683,Customer_683,2023-05-17,Delhi,44,Male
684,Customer_684,2022-05-25,Bangalore,40,Female
685,Customer_685,2022-07-20,Bangalore,44,Female
686,Customer_686,2023-04-06,Chennai,51,Female
687,Customer_687,2023-07-12,Chennai,55,Male
688,Customer_688,2023-07-01,Pune,31,Male
689,Customer_689,2022-09-10,Mumbai,53,Female
690,Customer_690,2023-01-25,Hyderabad,25,Female
691,Customer_691,2023-08-17,Mumbai,52,Female
692,Customer_692,2022-09-13,Pune,36,Male
693,Customer_693,2023-03-26,Chennai,47,Male
694,Customer_694,2022-01-10,Delhi,31,Male
695,Customer_695,2022-08-30,Chennai,37,Male
696,Customer_696,2022-09-08,Hyderabad,42,Male
697,Customer_697,2022-01-05,Chennai,57,Female
698,Customer_698,2022-04-29,Hyderabad,41,Male
699,Customer_699,2023-01-09,Hyderabad,31,Male
700,Customer_700,2022-03-06,Hyderabad,43,Male
701,Customer_701,2022-05-26,Pune,55,Male
702,Customer_702,2022-08-12,Hyderabad,40,Male
703,Customer_703,2022-08-27,Hyderabad,39,Female
704,Customer_704,2022-06-26,Delhi,36,Male
705,Customer_705,2022-10-09,Mumbai,20,Male
706,Customer_706,2022-03-04,Bangalore,59,Male
707,Customer_707,2022-08-05,Mumbai,36,Female
708,Customer_708,2023-11-20,Hyderabad,26,Female
709,Customer_709,2023-04-06,Delhi,45,Female
710,Customer_710,2023-09-02,Chennai,37,Male
711,Customer_711,2022-04-15,Delhi,24,Female
712,Customer_712,2022-04-09,Hyderabad,31,Male
713,Customer_713,2023-05-26,Delhi,26,Male
714,Customer_714,2023-01-20,Delhi,36,Female
715,Customer_715,2023-02-09,Hyderabad,31,Male
716,Customer_716,2023-06-02,Pune,55,Male
717,Customer_717,2023-04-21,Delhi,53,Male
718,Customer_718,2023-10-07,Bangalore,57,Female
719,Customer_719,2023-03-13,Bangalore,34,Male
720,Customer_720,2022-01-23,Delhi,47,Male
721,Customer_721,2023-07-19,Pune,26,Female
722,Customer_722,2023-11-08,Chennai,50,Male
723,Customer_723,2023-04-03,Hyderabad,42,Male
724,Customer_724,2022-03-24,Bangalore,31,Female
725,Customer_725,2022-05-25,Chennai,28,Male
726,Customer_726,2022-03-26,Delhi,52,Male
727,Customer_727,2022-03-19,Chennai,58,Male
728,Customer_728,2023-04-02,Mumbai,31,Male
729,Customer_729,2022-01-01,Bangalore,47,Male
730,Customer_730,2022-02-20,Delhi,58,Female
731,Customer_731,2023-11-16,Hyderabad,21,Female
732,Customer_732,2023-03-22,Pune,21,Female
733,Customer_733,2023-03-25,Delhi,45,Female
734,Customer_734,2023-05-03,Hyderabad,25,Male
735,Customer_735,2022-02-03,Pune,19,Male
736,Customer_736,2022-12-14,Pune,58,Male
737,Customer_737,2022-04-05,Delhi,39,Male
738,Customer_738,2022-03-13,Chennai,58,Male
739,Customer_739,2023-07-05,Chennai,33,Female
740,Customer_740,2022-06-03,Pune,46,Female
741,Customer_741,2022-09-07,Chennai,47,Male
742,Customer_742,2023-11-05,Mumbai,29,Male
743,Customer_743,2023-03-14,Pune,52,Male
744,Customer_744,2022-04-28,Pune,28,Female
745,Customer_745,2022-11-02,Hyderabad,38,Male
746,Customer_746,2022-09-25,Chennai,38,Male
747,Customer_747,2022-02-23,Pune,22,Male
748,Customer_748,2022-08-24,Mumbai,37,Female
749,Customer_749,2023-01-24,Hyderabad,54,Male
750,Customer_750,2023-02-05,Delhi,20,Female
751,Customer_751,2023-09-16,Pune,50,Female
752,Customer_752,2022-10-30,Mumbai,26,Female
753,Customer_753,2022-07-26,Bangalore,26,Female
754,Customer_754,2022-08-17,Mumbai,21,Female
755,Customer_755,2023-08-01,Mumbai,52,Female
756,Customer_756,2022-03-16,Hyderabad,34,Male
757,Customer_757,2023-03-11,Delhi,51,Male
758,Customer_758,2022-04-13,Bangalore,41,Male
759,Customer_759,2023-02-26,Chennai,49,Female
760,Customer_760,2022-11-02,Chennai,18,Male
761,Customer_761,2022-04-08,Mumbai,25,Female
762,Customer_762,2022-12-01,Hyderabad,40,Female
763,Customer_763,2023-03-11,Hyderabad,57,Female
764,Customer_764,2023-03-23,Chennai,29,Male
765,Customer_765,2022-11-04,Bangalore,29,Female
766,Customer_766,2022-09-06,Delhi,32,Female
767,Customer_767,2022-06-15,Bangalore,58,Male
768,Customer_768,2023-04-26,Pune,36,Male
769,Customer_769,2022-12-01,Pune,43,Female
770,Customer_770,2023-06-26,Delhi,46,Female
771,Customer_771,2022-04-16,Chennai,39,Male
772,Customer_772,2023-07-17,Delhi,57,Male
773,Customer_773,2022-03-22,Hyderabad,38,Male
774,Customer_774,2022-05-13,Pune,55,Female
775,Customer_775,2022-05-18,Mumbai,37,Male
776,Customer_776,2022-07-03,Mumbai,46,Male
777,Customer_777,2023-02-05,Chennai,21,Male
778,Customer_778,2022-11-26,Hyderabad,24,Female
779,Customer_779,2023-05-23,Bangalore,45,Male
780,Customer_780,2022-03-10,Hyderabad,45,Male
781,Customer_781,2023-06-30,Mumbai,21,Male
782,Customer_782,2022-02-22,Mumbai,39,Male
783,Customer_783,2023-03-26,Pune,29,Male
784,Customer_784,2022-07-24,Hyderabad,20,Female
785,Customer_785,2022-05-06,Hyderabad,39,Female
786,Customer_786,2022-02-12,Mumbai,19,Female
787,Customer_787,2022-04-21,Bangalore,41,Male
788,Customer_788,2023-10-25,Chennai,51,Female
789,Customer_789,2022-07-02,Chennai,44,Female
790,Customer_790,2022-04-05,Hyderabad,58,Female
791,Customer_791,2023-01-09,Chennai,18,Male
792,Customer_792,2023-06-04,Mumbai,25,Male
793,Customer_793,2022-12-26,Mumbai,40,Female
794,Customer_794,2023-11-27,Hyderabad,55,Female
795,Customer_795,2022-10-08,Hyderabad,23,Male
796,Customer_796,2022-07-14,Pune,39,Male
797,Customer_797,2022-07-14,Hyderabad,42,Female
798,Customer_798,2023-10-29,Bangalore,35,Male
799,Customer_799,2022-04-03,Chennai,34,Female
800,Customer_800,2023-11-03,Hyderabad,29,Male
801,Customer_801,2022-03-02,Delhi,23,Female
802,Customer_802,2023-09-26,Pune,43,Female
803,Customer_803,2022-02-20,Delhi,44,Male
804,Customer_804,2023-02-07,Mumbai,25,Female
805,Customer_805,2022-01-05,Chennai,36,Female
806,Customer_806,2023-04-11,Hyderabad,59,Female
807,Customer_807,2023-08-27,Delhi,18,Male
808,Customer_808,2023-11-13,Chennai,46,Male
809,Customer_809,2023-06-18,Mumbai,52,Male
810,Customer_810,2023-02-09,Bangalore,57,Female
811,Customer_811,2023-05-28,Pune,31,Male
812,Customer_812,2023-10-07,Chennai,52,Female
813,Customer_813,2022-08-21,Chennai,37,Female
814,Customer_814,2023-06-08,Bangalore,30,Male
815,Customer_815,2022-12-12,Chennai,55,Male
816,Customer_816,2022-02-15,Mumbai,25,Female
817,Customer_817,2023-06-30,Mumbai,37,Female
818,Customer_818,2022-03-19,Bangalore,50,Male
819,Customer_819,2022-03-14,Pune,43,Male
820,Customer_820,2022-09-06,Hyderabad,56,Male
821,Customer_821,2022-02-16,Delhi,38,Female
822,Customer_822,2022-05-01,Hyderabad,59,Female
823,Customer_823,2022-08-02,Chennai,58,Female
824,Customer_824,2022-08-27,Delhi,26,Female
825,Customer_825,2022-02-25,Bangalore,41,Female
826,Customer_826,2022-12-16,Bangalore,54,Male
827,Customer_827,2022-04-17,Pune,58,Male
828,Customer_828,2022-02-17,Delhi,34,Female
829,Customer_829,2023-07-27,Mumbai,41,Female
830,Customer_830,2022-12-03,Delhi,38,Male
831,Customer_831,2022-01-26,Chennai,56,Male
832,Customer_832,2022-09-14,Mumbai,58,Male
833,Customer_833,2022-01-08,Bangalore,56,Male
834,Customer_834,2023-09-17,Delhi,30,Female
835,Customer_835,2022-09-10,Hyderabad,28,Male
836,Customer_836,2023-11-23,Pune,36,Female
837,Customer_837,2022-10-30,Hyderabad,28,Male
838,Customer_838,2023-10-01,Pune,30,Male
839,Customer_839,2022-02-25,Chennai,18,Male
840,Customer_840,2023-06-10,Hyderabad,57,Female
841,Customer_841,2023-04-19,Delhi,36,Female
842,Customer_842,2022-01-28,Delhi,29,Male
843,Customer_843,2022-03-19,Hyderabad,25,Female
844,Customer_844,2022-08-04,Delhi,25,Female
845,Customer_845,2023-01-21,Chennai,29,Male
846,Customer_846,2022-12-31,Mumbai,50,Male
847,Customer_847,2023-10-28,Chennai,43,Female
848,Customer_848,2023-06-10,Pune,56,Female
849,Customer_849,2023-11-30,Chennai,45,Female
850,Customer_850,2022-11-08,Pune,22,Male
851,Customer_851,2022-01-07,Delhi,25,Male
852,Customer_852,2022-01-03,Mumbai,42,Female
853,Customer_853,2023-09-15,Delhi,44,Male
854,Customer_854,2022-12-29,Bangalore,40,Male
855,Customer_855,2023-05-23,Delhi,47,Female
856,Customer_856,2022-10-01,Pune,40,Female
857,Customer_857,2023-05-21,Delhi,37,Male
858,Customer_858,2022-01-15,Delhi,35,Male
859,Customer_859,2022-07-11,Mumbai,35,Female
860,Customer_860,2023-09-23,Delhi,19,Male
861,Customer_861,2023-04-30,Mumbai,21,Male
862,Customer_862,2022-01-28,Hyderabad,47,Female
863,Customer_863,2022-02-08,Bangalore,50,Female
864,Customer_864,2022-09-30,Mumbai,53,Male
865,Customer_865,2022-08-19,Pune,35,Male
866,Customer_866,2022-03-27,Hyderabad,54,Male
867,Customer_867,2023-04-19,Mumbai,36,Female
868,Customer_868,2022-05-06,Mumbai,45,Male
869,Customer_869,2023-06-21,Bangalore,57,Male
870,Customer_870,2022-05-25,Pune,37,Female
871,Customer_871,2023-06-09,Chennai,50,Female
872,Customer_872,2022-07-31,Chennai,29,Male
873,Customer_873,2022-01-25,Mumbai,32,Female
874,Customer_874,2023-08-03,Delhi,58,Female
875,Customer_875,2023-01-29,Pune,56,Male
876,Customer_876,2022-03-08,Hyderabad,19,Female
877,Customer_877,2022-08-21,Delhi,46,Female
878,Customer_878,2022-04-19,Delhi,58,Male
879,Customer_879,2022-05-26,Pune,27,Female
880,Customer_880,2022-04-21,Mumbai,19,Male
881,Customer_881,2022-08-16,Mumbai,28,Male
882,Customer_882,2022-04-21,Mumbai,30,Female
883,Customer_883,2023-04-15,Mumbai,27,Female
884,Customer_884,2022-02-03,Chennai,31,Female
885,Customer_885,2023-09-15,Mumbai,35,Male
886,Customer_886,2023-01-04,Chennai,26,Female
887,Customer_887,2023-08-18,Chennai,56,Male
888,Customer_888,2023-07-08,Mumbai,45,Female
889,Customer_889,2023-03-01,Bangalore,20,Female
890,Customer_890,2023-09-05,Hyderabad,37,Female
891,Customer_891,2023-06-02,Delhi,23,Male
892,Customer_892,2023-11-23,Chennai,44,Female
893,Customer_893,2022-10-09,Pune,19,Female
894,Customer_894,2022-11-16,Pune,46,Male
895,Customer_895,2023-03-19,Hyderabad,55,Male
896,Customer_896,2022-11-11,Pune,20,Female
897,Customer_897,2023-01-12,Bangalore,33,Female
898,Customer_898,2022-10-16,Pune,47,Female
899,Customer_899,2023-03-13,Delhi,57,Male
900,Customer_900,2023-10-24,Delhi,19,Male
901,Customer_901,2022-10-04,Chennai,34,Male
902,Customer_902,2023-08-05,Mumbai,58,Male
903,Customer_903,2023-05-18,Bangalore,29,Female
904,Customer_904,2023-09-16,Chennai,52,Male
905,Customer_905,2023-05-31,Bangalore,18,Male
906,Customer_906,2022-12-16,Mumbai,32,Male
907,Customer_907,2023-03-22,Pune,43,Female
908,Customer_908,2022-12-16,Pune,54,Female
909,Customer_909,2023-08-30,Mumbai,38,Male
910,Customer_910,2023-10-26,Chennai,48,Male
911,Customer_911,2022-05-17,Mumbai,42,Female
912,Customer_912,2022-08-31,Hyderabad,40,Female
913,Customer_913,2023-06-27,Delhi,41,Female
914,Customer_914,2022-02-09,Chennai,55,Female
915,Customer_915,2022-08-17,Bangalore,45,Female
916,Customer_916,2023-07-02,Hyderabad,38,Female
917,Customer_917,2022-08-11,Chennai,35,Female
918,Customer_918,2022-01-06,Mumbai,53,Female
919,Customer_919,2022-11-18,Mumbai,52,Male
920,Customer_920,2023-04-13,Mumbai,26,Male
921,Customer_921,2022-03-16,Mumbai,55,Male
922,Customer_922,2022-01-04,Bangalore,47,Male
923,Customer_923,2023-10-08,Hyderabad,51,Male
924,Customer_924,2022-04-28,Pune,49,Male
925,Customer_925,2023-08-29,Delhi,20,Female
926,Customer_926,2023-05-19,Bangalore,20,Female
927,Customer_927,2023-07-28,Bangalore,45,Male
928,Customer_928,2023-03-17,Pune,32,Male
929,Customer_929,2022-07-13,Pune,58,Female
930,Customer_930,2023-01-27,Delhi,40,Female
931,Customer_931,2022-01-26,Delhi,57,Female
932,Customer_932,2023-03-11,Pune,28,Male
933,Customer_933,2022-06-22,Mumbai,49,Female
934,Customer_934,2022-10-27,Bangalore,53,Male
935,Customer_935,2023-10-07,Chennai,50,Male
936,Customer_936,2022-11-22,Delhi,41,Female
937,Customer_937,2023-02-14,Delhi,56,Female
938,Customer_938,2022-04-28,Pune,51,Male
939,Customer_939,2022-08-13,Hyderabad,45,Female
940,Customer_940,2023-06-16,Chennai,54,Female
941,Customer_941,2022-04-23,Chennai,24,Male
942,Customer_942,2022-05-20,Delhi,21,Female
943,Customer_943,2023-07-13,Mumbai,54,Male
944,Customer_944,2022-01-01,Hyderabad,18,Male
945,Customer_945,2022-03-31,Chennai,18,Female
946,Customer_946,2023-10-16,Delhi,37,Male
947,Customer_947,2022-11-16,Chennai,36,Male
948,Customer_948,2023-07-04,Hyderabad,46,Female
949,Customer_949,2022-05-19,Hyderabad,27,Female
950,Customer_950,2023-05-26,Bangalore,35,Female
951,Customer_951,2022-09-16,Pune,45,Male
952,Customer_952,2023-11-04,Pune,52,Male
953,Customer_953,2023-11-21,Delhi,48,Female
954,Customer_954,2022-01-10,Hyderabad,44,Male
955,Customer_955,2022-09-18,Bangalore,28,Female
956,Customer_956,2023-10-12,Bangalore,55,Female
957,Customer_957,2022-06-21,Chennai,22,Male
958,Customer_958,2022-01-13,Chennai,25,Female
959,Customer_959,2022-06-17,Bangalore,51,Male
960,Customer_960,2023-10-04,Chennai,29,Male
961,Customer_961,2023-08-19,Hyderabad,55,Female
962,Customer_962,2022-11-17,Mumbai,18,Male
963,Customer_963,2022-11-15,Hyderabad,48,Female
964,Customer_964,2023-09-05,Bangalore,21,Male
965,Customer_965,2022-11-25,Bangalore,22,Male
966,Customer_966,2023-07-04,Hyderabad,47,Male
967,Customer_967,2023-02-23,Chennai,41,Female
968,Customer_968,2023-08-29,Chennai,20,Male
969,Customer_969,2022-04-05,Pune,28,Female
970,Customer_970,2023-08-04,Bangalore,21,Male
971,Customer_971,2022-11-14,Delhi,43,Male
972,Customer_972,2022-08-24,Pune,44,Female
973,Customer_973,2022-11-30,Chennai,44,Female
974,Customer_974,2023-01-11,Hyderabad,59,Female
975,Customer_975,2023-04-04,Chennai,23,Female
976,Customer_976,2022-05-17,Hyderabad,32,Female
977,Customer_977,2023-08-11,Pune,47,Male
978,Customer_978,2023-07-01,Bangalore,59,Male
979,Customer_979,2023-05-28,Chennai,54,Female
980,Customer_980,2022-10-23,Hyderabad,54,Male
981,Customer_981,2022-11-16,Bangalore,59,Male
982,Customer_982,2023-07-26,Delhi,54,Male
983,Customer_983,2022-12-15,Hyderabad,52,Female
984,Customer_984,2022-08-17,Pune,40,Male
985,Customer_985,2022-09-27,Delhi,23,Male
986,Customer_986,2022-10-18,Delhi,21,Male
987,Customer_987,2022-06-14,Mumbai,35,Female
988,Customer_988,2022-01-05,Chennai,26,Male
989,Customer_989,2023-01-14,Hyderabad,46,Male
990,Customer_990,2022-03-19,Delhi,30,Female
991,Customer_991,2023-02-14,Mumbai,34,Female
992,Customer_992,2023-07-28,Pune,49,Male
993,Customer_993,2022-05-12,Bangalore,39,Male
994,Customer_994,2023-08-24,Hyderabad,21,Female
995,Customer_995,2022-02-11,Delhi,22,Female
996,Customer_996,2022-03-30,Chennai,54,Female
997,Customer_997,2023-02-06,Mumbai,58,Female
998,Customer_998,2022-10-23,Delhi,30,Female
999,Customer_999,2022-10-22,Chennai,51,Female
1000,Customer_1000,2023-09-08,Delhi,39,Female
1001,Customer_1001,2023-06-10,Hyderabad,40,Male
1002,Customer_1002,2023-11-22,Hyderabad,20,Female
1003,Customer_1003,2023-09-29,Hyderabad,59,Female
1004,Customer_1004,2023-02-26,Pune,51,Male
1005,Customer_1005,2022-01-23,Pune,49,Female
1006,Customer_1006,2023-07-29,Mumbai,38,Female
1007,Customer_1007,2022-05-23,Hyderabad,38,Male
1008,Customer_1008,2023-10-27,Chennai,28,Female
1009,Customer_1009,2022-05-25,Delhi,56,Male
1010,Customer_1010,2022-08-13,Bangalore,21,Male
1011,Customer_1011,2023-05-18,Chennai,18,Male
1012,Customer_1012,2023-09-08,Pune,45,Male
1013,Customer_1013,2022-04-14,Pune,41,Female
1014,Customer_1014,2022-02-08,Chennai,52,Male
1015,Customer_1015,2022-07-17,Pune,30,Male
1016,Customer_1016,2023-10-08,Hyderabad,51,Female
1017,Customer_1017,2023-08-02,Mumbai,28,Male
1018,Customer_1018,2023-01-26,Delhi,53,Male
1019,Customer_1019,2022-06-28,Mumbai,34,Male
1020,Customer_1020,2023-07-08,Delhi,52,Male
1021,Customer_1021,2023-03-24,Delhi,35,Female
1022,Customer_1022,2023-05-15,Mumbai,57,Male
1023,Customer_1023,2022-01-15,Chennai,39,Female
1024,Customer_1024,2023-09-15,Delhi,41,Female
1025,Customer_1025,2023-10-31,Mumbai,36,Male
1026,Customer_1026,2022-10-16,Delhi,54,Male
1027,Customer_1027,2023-04-23,Bangalore,56,Male
1028,Customer_1028,2022-08-19,Chennai,38,Male
1029,Customer_1029,2023-02-24,Hyderabad,25,Female
1030,Customer_1030,2022-06-06,Delhi,45,Female
1031,Customer_1031,2023-07-04,Bangalore,22,Female
1032,Customer_1032,2023-03-17,Hyderabad,34,Male
1033,Customer_1033,2022-04-07,Hyderabad,54,Female
1034,Customer_1034,2023-02-15,Delhi,53,Male
1035,Customer_1035,2022-10-16,Mumbai,36,Male
1036,Customer_1036,2022-09-11,Delhi,44,Male
1037,Customer_1037,2022-07-15,Bangalore,51,Male
1038,Customer_1038,2023-08-21,Hyderabad,28,Male
1039,Customer_1039,2023-06-06,Delhi,29,Female
1040,Customer_1040,2023-06-01,Mumbai,38,Female
1041,Customer_1041,2023-09-27,Delhi,28,Male
1042,Customer_1042,2022-04-28,Chennai,56,Female
1043,Customer_1043,2022-06-08,Mumbai,45,Male
1044,Customer_1044,2022-08-16,Bangalore,22,Male
1045,Customer_1045,2022-08-04,Hyderabad,34,Male
1046,Customer_1046,2023-11-27,Delhi,37,Female
1047,Customer_1047,2022-01-15,Mumbai,58,Male
1048,Customer_1048,2022-06-06,Chennai,29,Male
1049,Customer_1049,2023-10-10,Mumbai,23,Female
1050,Customer_1050,2022-09-18,Pune,34,Female
1051,Customer_1051,2022-06-06,Chennai,36,Female
1052,Customer_1052,2022-02-16,Bangalore,43,Male
1053,Customer_1053,2022-11-20,Hyderabad,49,Male
1054,Customer_1054,2023-11-16,Bangalore,23,Female
1055,Customer_1055,2022-05-10,Delhi,53,Male
1056,Customer_1056,2023-02-15,Mumbai,55,Female
1057,Customer_1057,2022-04-05,Pune,28,Female
1058,Customer_1058,2023-09-19,Chennai,50,Male
1059,Customer_1059,2022-10-19,Chennai,41,Male
1060,Customer_1060,2022-10-10,Mumbai,40,Female
1061,Customer_1061,2022-03-10,Pune,32,Female
1062,Customer_1062,2023-10-22,Mumbai,44,Female
1063,Customer_1063,2022-01-11,Delhi,28,Female
1064,Customer_1064,2022-09-11,Bangalore,34,Male
1065,Customer_1065,2023-07-04,Chennai,31,Female
1066,Customer_1066,2022-05-14,Delhi,44,Female
1067,Customer_1067,2022-01-23,Bangalore,35,Female
1068,Customer_1068,2022-12-12,Delhi,45,Male
1069,Customer_1069,2022-10-29,Pune,21,Male
1070,Customer_1070,2022-12-29,Chennai,24,Female
1071,Customer_1071,2023-01-31,Mumbai,52,Male
1072,Customer_1072,2022-08-06,Mumbai,26,Male
1073,Customer_1073,2022-05-21,Bangalore,25,Male
1074,Customer_1074,2023-09-08,Hyderabad,34,Female
1075,Customer_1075,2022-07-29,Pune,34,Female
1076,Customer_1076,2023-09-15,Bangalore,50,Male
1077,Customer_1077,2023-09-08,Hyderabad,49,Female
1078,Customer_1078,2023-11-14,Delhi,25,Female
1079,Customer_1079,2023-04-05,Pune,36,Male
1080,Customer_1080,2022-12-22,Delhi,55,Male
1081,Customer_1081,2022-11-20,Chennai,20,Female
1082,Customer_1082,2022-05-13,Pune,22,Male
1083,Customer_1083,2022-05-07,Hyderabad,30,Female
1084,Customer_1084,2022-04-16,Chennai,48,Female
1085,Customer_1085,2023-08-27,Mumbai,33,Male
1086,Customer_1086,2023-01-13,Hyderabad,49,Female
1087,Customer_1087,2022-02-20,Bangalore,39,Female
1088,Customer_1088,2022-01-29,Mumbai,46,Male
1089,Customer_1089,2023-04-07,Mumbai,39,Male
1090,Customer_1090,2022-10-23,Bangalore,20,Male
1091,Customer_1091,2022-10-24,Pune,27,Female
1092,Customer_1092,2023-02-11,Mumbai,59,Male
1093,Customer_1093,2023-09-05,Hyderabad,38,Male
1094,Customer_1094,2023-02-09,Chennai,33,Male
1095,Customer_1095,2022-12-12,Mumbai,29,Male
1096,Customer_1096,2023-09-14,Hyderabad,19,Female
1097,Customer_1097,2023-02-24,Delhi,58,Female
1098,Customer_1098,2022-07-01,Hyderabad,41,Male
1099,Customer_1099,2022-01-01,Chennai,52,Female
1100,Customer_1100,2023-07-21,Hyderabad,47,Male
1101,Customer_1101,2023-01-06,Bangalore,47,Male
1102,Customer_1102,2023-10-23,Chennai,52,Female
1103,Customer_1103,2023-03-07,Pune,36,Female
1104,Customer_1104,2022-11-05,Delhi,25,Male
1105,Customer_1105,2022-05-17,Bangalore,43,Male
1106,Customer_1106,2022-07-21,Pune,57,Female
1107,Customer_1107,2023-03-12,Hyderabad,24,Male
1108,Customer_1108,2022-11-09,Chennai,47,Female
1109,Customer_1109,2022-04-27,Delhi,24,Male
1110,Customer_1110,2023-10-28,Bangalore,20,Male
1111,Customer_1111,2023-07-29,Pune,18,Female
1112,Customer_1112,2022-09-01,Pune,53,Female
1113,Customer_1113,2023-06-21,Delhi,42,Female
1114,Customer_1114,2023-08-25,Hyderabad,54,Female
1115,Customer_1115,2022-03-16,Delhi,18,Female
1116,Customer_1116,2023-01-21,Pune,32,Female
1117,Customer_1117,2022-07-29,Mumbai,54,Female
1118,Customer_1118,2023-04-20,Bangalore,30,Male
1119,Customer_1119,2023-02-22,Delhi,57,Male
1120,Customer_1120,2022-12-13,Pune,25,Male
1121,Customer_1121,2023-06-13,Hyderabad,22,Female
1122,Customer_1122,2023-10-02,Pune,26,Female
1123,Customer_1123,2022-06-28,Hyderabad,18,Female
1124,Customer_1124,2022-07-01,Delhi,53,Male
1125,Customer_1125,2023-10-26,Hyderabad,52,Female
1126,Customer_1126,2022-01-25,Chennai,19,Female
1127,Customer_1127,2022-06-29,Chennai,57,Male
1128,Customer_1128,2023-05-16,Chennai,40,Female
1129,Customer_1129,2022-06-10,Mumbai,26,Male
1130,Customer_1130,2022-06-26,Delhi,51,Male
1131,Customer_1131,2022-10-12,Pune,31,Female
1132,Customer_1132,2022-03-04,Pune,21,Female
1133,Customer_1133,2023-10-24,Mumbai,47,Female
1134,Customer_1134,2023-10-28,Hyderabad,48,Male
1135,Customer_1135,2022-06-05,Mumbai,55,Male
1136,Customer_1136,2023-04-14,Hyderabad,28,Male
1137,Customer_1137,2022-02-18,Hyderabad,52,Female
1138,Customer_1138,2022-03-25,Bangalore,25,Female
1139,Customer_1139,2022-12-27,Pune,20,Female
1140,Customer_1140,2023-11-20,Chennai,31,Female
1141,Customer_1141,2022-05-28,Hyderabad,30,Male
1142,Customer_1142,2023-09-22,Bangalore,49,Male
1143,Customer_1143,2022-12-08,Pune,51,Male
1144,Customer_1144,2023-04-21,Chennai,36,Male
1145,Customer_1145,2022-03-04,Hyderabad,55,Female
1146,Customer_1146,2022-12-26,Hyderabad,33,Female
1147,Customer_1147,2023-07-15,Mumbai,19,Female
1148,Customer_1148,2022-11-23,Mumbai,57,Male
1149,Customer_1149,2022-05-21,Pune,34,Male
1150,Customer_1150,2022-08-03,Chennai,51,Female
1151,Customer_1151,2023-03-11,Hyderabad,59,Female
1152,Customer_1152,2022-11-14,Pune,33,Male
1153,Customer_1153,2022-02-01,Pune,55,Female
1154,Customer_1154,2023-11-01,Delhi,19,Male
1155,Customer_1155,2022-10-12,Mumbai,19,Male
1156,Customer_1156,2022-11-01,Chennai,43,Male
1157,Customer_1157,2023-03-05,Hyderabad,30,Female
1158,Customer_1158,2023-04-22,Pune,48,Female
1159,Customer_1159,2022-10-13,Hyderabad,51,Male
1160,Customer_1160,2022-05-24,Delhi,56,Female
1161,Customer_1161,2023-02-28,Chennai,20,Male
1162,Customer_1162,2022-01-19,Pune,25,Male
1163,Customer_1163,2022-01-18,Hyderabad,40,Male
1164,Customer_1164,2023-08-13,Mumbai,31,Male
1165,Customer_1165,2023-01-06,Delhi,44,Female
1166,Customer_1166,2022-06-24,Chennai,46,Male
1167,Customer_1167,2022-07-13,Delhi,56,Male
1168,Customer_1168,2023-05-17,Mumbai,56,Female
1169,Customer_1169,2022-04-23,Chennai,18,Male
1170,Customer_1170,2022-04-24,Delhi,34,Male
1171,Customer_1171,2022-08-10,Bangalore,58,Female
1172,Customer_1172,2023-11-09,Mumbai,47,Female
1173,Customer_1173,2023-10-06,Mumbai,30,Female
1174,Customer_1174,2022-09-21,Mumbai,38,Male
1175,Customer_1175,2022-02-24,Bangalore,36,Female
1176,Customer_1176,2023-10-05,Bangalore,36,Female
1177,Customer_1177,2023-04-03,Hyderabad,42,Male
1178,Customer_1178,2022-06-11,Pune,39,Male
1179,Customer_1179,2023-01-15,Delhi,48,Male
1180,Customer_1180,2022-03-28,Hyderabad,34,Male
1181,Customer_1181,2022-02-24,Delhi,40,Male
1182,Customer_1182,2023-04-21,Pune,49,Female
1183,Customer_1183,2022-06-27,Bangalore,27,Female
1184,Customer_1184,2023-01-26,Pune,27,Female
1185,Customer_1185,2022-12-15,Bangalore,53,Male
1186,Customer_1186,2022-01-08,Pune,25,Male
1187,Customer_1187,2022-11-09,Hyderabad,37,Male
1188,Customer_1188,2023-03-19,Chennai,49,Female
1189,Customer_1189,2022-11-24,Hyderabad,31,Female
1190,Customer_1190,2022-02-23,Delhi,45,Male
1191,Customer_1191,2022-08-27,Hyderabad,41,Female
1192,Customer_1192,2022-08-17,Mumbai,32,Male
1193,Customer_1193,2023-08-02,Delhi,39,Female
1194,Customer_1194,2022-02-20,Pune,47,Female
1195,Customer_1195,2023-09-01,Delhi,21,Female
1196,Customer_1196,2023-08-27,Chennai,30,Male
1197,Customer_1197,2022-09-21,Bangalore,40,Female
1198,Customer_1198,2023-02-22,Pune,25,Female
1199,Customer_1199,2022-04-06,Delhi,35,Male
1200,Customer_1200,2022-03-29,Pune,29,Female